[
    {
        "id": "996d484a-43b4-4766-96ff-0747cf8fd841",
        "answer_key": "C",
        "language": "English"
    },
    {
        "id": "57778143-868c-44f1-9d80-a6039c52fa1f",
        "answer_key": "D",
        "language": "English"
    },
    {
        "id": "8e20d59f-4d57-41fd-ac84-a77df0ca2f87",
        "answer_key": "A",
        "language": "English"
    },
    {
        "id": "a036bd0a-9dc5-4aff-8e3d-033f960dd1c7",
        "answer_key": "A",
        "language": "English"
    },
    {
        "id": "d3faa9de-efe6-416b-b92f-26ed5025f233",
        "answer_key": "A",
        "language": "English"
    },
    {
        "id": "4e512d7b-c974-4140-bfca-2115cfd3f9aa",
        "answer_key": "D",
        "language": "English"
    },
    {
        "id": "00fbca18-5e6b-47fb-9574-bc87f30861db",
        "answer_key": "B",
        "language": "English"
    },
    {
        "id": "d8fe91c9-10ae-4bf0-925b-aa8c9f24cba1",
        "answer_key": "C",
        "language": "English"
    },
    {
        "id": "326604f1-1375-4181-85e0-be4100acb818",
        "answer_key": "B",
        "language": "English"
    },
    {
        "id": "c70ad772-2a67-458b-b7a6-cd4e7628f3af",
        "answer_key": "A",
        "language": "English"
    },
    {
        "id": "bb3124ed-714c-435a-8f1e-db877d135f8a",
        "answer_key": "B",
        "language": "English"
    },
    {
        "id": "34658631-9c53-4f6c-95b9-c2ed7f4acc16",
        "answer_key": "A",
        "language": "English"
    },
    {
        "id": "7234b49e-b155-44d7-ad00-153c642b180c",
        "answer_key": "C",
        "language": "English"
    },
    {
        "id": "bb56580c-79dc-4feb-a202-3bec275f337f",
        "answer_key": "C",
        "language": "English"
    },
    {
        "id": "221ab6be-9ff7-4904-9f46-3f2fd14ab578",
        "answer_key": "B",
        "language": "English"
    },
    {
        "id": "d1a40584-698a-4606-b17b-6927c12a6c38",
        "answer_key": "D",
        "language": "English"
    },
    {
        "id": "4733e6d3-a9b1-45dd-b625-d0e7b5290c29",
        "answer_key": "D",
        "language": "English"
    },
    {
        "id": "5d16d80e-34ea-426f-9600-db77ac833357",
        "answer_key": "B",
        "language": "English"
    },
    {
        "id": "a030f2d7-58bc-44cf-b5fb-eedc3f06221d",
        "answer_key": "A",
        "language": "English"
    },
    {
        "id": "e5e6d00d-82da-45a3-ac1c-20de48f64007",
        "answer_key": "A",
        "language": "English"
    },
    {
        "id": "c1946d20-77e4-4351-8433-0c665e39c320",
        "answer_key": "D",
        "language": "English"
    },
    {
        "id": "1a54d0dd-0cc5-42d2-89af-7e0ad8c70030",
        "answer_key": "C",
        "language": "English"
    },
    {
        "id": "0e83389c-6c01-41d1-a03a-3d78f1a9440d",
        "answer_key": "D",
        "language": "English"
    },
    {
        "id": "2fc2286e-e861-461a-a854-d1111b97429c",
        "answer_key": "C",
        "language": "English"
    },
    {
        "id": "98ce925f-1e79-4649-ae52-149e03b909ee",
        "answer_key": "C",
        "language": "English"
    },
    {
        "id": "c084cca2-5d75-4eac-b063-48eb14237e09",
        "answer_key": "A",
        "language": "English"
    },
    {
        "id": "25e1bdab-0251-4af9-a7f1-d85554446f18",
        "answer_key": "B",
        "language": "English"
    },
    {
        "id": "77db4e68-9636-4ed0-8e59-de3cddc59e6b",
        "answer_key": "C",
        "language": "English"
    },
    {
        "id": "1b7f3941-d965-4c78-b513-135d49256225",
        "answer_key": "A",
        "language": "English"
    },
    {
        "id": "a933d9da-c00c-4b49-a420-32281ba33500",
        "answer_key": "C",
        "language": "English"
    },
    {
        "id": "5f906609-03f1-42ce-bea0-3da5e36d3429",
        "answer_key": "D",
        "language": "English"
    },
    {
        "id": "cc553fad-742a-44a3-93e1-4f4317f5d467",
        "answer_key": "A",
        "language": "English"
    },
    {
        "id": "a1048224-dae8-476f-a212-a419ccadf857",
        "answer_key": "C",
        "language": "English"
    },
    {
        "id": "d2a0f1d1-6745-4725-8a58-09fcbd482d02",
        "answer_key": "B",
        "language": "English"
    },
    {
        "id": "ac39683f-63df-4f8e-a044-f4e628ec72ba",
        "answer_key": "B",
        "language": "English"
    },
    {
        "id": "178577cb-10f3-4726-b6b1-76c9fb2be590",
        "answer_key": "C",
        "language": "English"
    },
    {
        "id": "12d4804d-49a3-4b7a-a175-17b9038b3cdc",
        "answer_key": "A",
        "language": "English"
    },
    {
        "id": "0dfa34b5-afdf-4605-aa41-ef278cd54812",
        "answer_key": "D",
        "language": "English"
    },
    {
        "id": "195cf7af-de40-4cd8-99e4-e59575c3ccc5",
        "answer_key": "A",
        "language": "English"
    },
    {
        "id": "3a5d7aa4-9f27-4969-be58-f564b2dbde2d",
        "answer_key": "B",
        "language": "English"
    },
    {
        "id": "ae2e44b4-5c86-490a-9966-cfc499ea254d",
        "answer_key": "C",
        "language": "English"
    },
    {
        "id": "c5bc5993-96e3-460c-af06-fec983a91500",
        "answer_key": "C",
        "language": "English"
    },
    {
        "id": "18fb1564-5041-4dc8-a181-61c911b1c86c",
        "answer_key": "D",
        "language": "English"
    },
    {
        "id": "9fc8d444-9182-4ca2-ba6d-9efdd8c7f6d9",
        "answer_key": "A",
        "language": "English"
    },
    {
        "id": "2d805e22-0d0d-4aa9-a319-d796410e35c4",
        "answer_key": "B",
        "language": "English"
    },
    {
        "id": "4ff892e9-7b25-47fb-9823-789f8f55aafc",
        "answer_key": "D",
        "language": "English"
    },
    {
        "id": "d4926d3e-736c-4518-98c2-48a7a2097ba2",
        "answer_key": "B",
        "language": "English"
    },
    {
        "id": "3ab605f2-3279-4b23-9fe2-e05e86043898",
        "answer_key": "A",
        "language": "English"
    },
    {
        "id": "72ae6350-b0e0-49aa-b739-69c47222e7b8",
        "answer_key": "C",
        "language": "English"
    },
    {
        "id": "7909dc0c-e0d8-4959-83dc-863613e4a5d5",
        "answer_key": "D",
        "language": "English"
    },
    {
        "id": "04a0ab8e-01c7-4718-907a-08ba574aceec",
        "answer_key": "A",
        "language": "English"
    },
    {
        "id": "43638594-3b51-4a2d-b736-d4a1840fd0b3",
        "answer_key": "B",
        "language": "English"
    },
    {
        "id": "528be6ae-289d-45e0-80af-1c49a4af4a0b",
        "answer_key": "A",
        "language": "English"
    },
    {
        "id": "74dcc27d-5d5e-4ac6-9f98-b3fbf2a3bb8f",
        "answer_key": "A",
        "language": "English"
    },
    {
        "id": "b002af15-8cee-43ff-80ad-7d150a43331f",
        "answer_key": "B",
        "language": "English"
    },
    {
        "id": "6bcb3951-e93b-4809-b051-bdaa6ceb6ca3",
        "answer_key": "A",
        "language": "English"
    },
    {
        "id": "5d44f182-a9d2-47b2-ac79-84ca22e17fd5",
        "answer_key": "C",
        "language": "English"
    },
    {
        "id": "169ee770-2b3b-4bc7-a4e6-febe94f76b33",
        "answer_key": "C",
        "language": "English"
    },
    {
        "id": "291c9e27-f129-402e-ae16-94304126f440",
        "answer_key": "A",
        "language": "English"
    },
    {
        "id": "e9236e3b-043e-4c4d-99a3-4c60d7f67538",
        "answer_key": "A",
        "language": "English"
    },
    {
        "id": "486b71c1-6c47-4823-81f0-0a44b74cad6d",
        "answer_key": "C",
        "language": "English"
    },
    {
        "id": "a9ccf72a-c7be-4eca-8c15-73cb2b7bb5e8",
        "answer_key": "C",
        "language": "English"
    },
    {
        "id": "6cd505ec-a1e7-4efd-904b-0f04e57ccada",
        "answer_key": "B",
        "language": "English"
    },
    {
        "id": "9c0637dc-7471-40d0-b4a1-4aa71e82a5aa",
        "answer_key": "A",
        "language": "English"
    },
    {
        "id": "ef5279e3-3d90-4a57-a769-5b835ca44b92",
        "answer_key": "D",
        "language": "English"
    },
    {
        "id": "ae0232f0-682c-4167-8b41-e30f477f3bd0",
        "answer_key": "A",
        "language": "English"
    },
    {
        "id": "8c86dd49-8280-430d-854b-030ca171e22d",
        "answer_key": "A",
        "language": "English"
    },
    {
        "id": "324f2df3-a4b2-479e-ad2a-ffb35473dbe1",
        "answer_key": "D",
        "language": "English"
    },
    {
        "id": "5dc84398-0b61-472a-8072-f1bedd3f4904",
        "answer_key": "B",
        "language": "English"
    },
    {
        "id": "1b0a83af-9f49-4095-93f4-848f87ad4506",
        "answer_key": "B",
        "language": "English"
    },
    {
        "id": "befe1163-c6c1-496f-97df-6a4052d69f35",
        "answer_key": "B",
        "language": "English"
    },
    {
        "id": "839edf41-4350-467f-84ba-e1cd868fee8e",
        "answer_key": "A",
        "language": "English"
    },
    {
        "id": "8bedccbf-7e75-4cea-99ba-80b3fde59780",
        "answer_key": "B",
        "language": "English"
    },
    {
        "id": "0b12ae93-cfae-4a20-b3e7-b951bfc602d1",
        "answer_key": "C",
        "language": "English"
    },
    {
        "id": "1001ab5c-2af2-4ac5-9b54-53161b47686b",
        "answer_key": "A",
        "language": "English"
    },
    {
        "id": "663ba735-2038-43c2-aa83-8670bb73f2fd",
        "answer_key": "D",
        "language": "English"
    },
    {
        "id": "0192b8ad-cb3e-43cc-a7d1-cbce85d16f40",
        "answer_key": "D",
        "language": "English"
    },
    {
        "id": "f42eddfa-a1a0-4656-9388-427eeeaa601e",
        "answer_key": "D",
        "language": "English"
    },
    {
        "id": "b8195b60-2e02-4412-9029-68a9a1029ed3",
        "answer_key": "A",
        "language": "English"
    },
    {
        "id": "fb15c116-485d-4c6b-92ca-fae9a36e0877",
        "answer_key": "B",
        "language": "English"
    },
    {
        "id": "fdc7f88f-47f8-43dd-acac-eb532eb39367",
        "answer_key": "A",
        "language": "English"
    },
    {
        "id": "eb728d37-16cf-41df-9913-1ceb8593a28b",
        "answer_key": "A",
        "language": "English"
    },
    {
        "id": "0a1a3009-5edc-42ff-8727-c8e44e3be0f5",
        "answer_key": "A",
        "language": "English"
    },
    {
        "id": "35ac5923-3533-4bb9-8185-a9dca9ac4635",
        "answer_key": "B",
        "language": "English"
    },
    {
        "id": "e6401e81-3c7b-4c79-a1f1-169fc6b5961d",
        "answer_key": "B",
        "language": "English"
    },
    {
        "id": "d0dfef7d-8696-4614-a783-0926f96bd964",
        "answer_key": "D",
        "language": "English"
    },
    {
        "id": "96433bd9-b6fd-49a6-abdc-43e1fa2de41c",
        "answer_key": "D",
        "language": "English"
    },
    {
        "id": "3e22b7ab-9d4d-4bad-bf1c-f636469570f1",
        "answer_key": "C",
        "language": "English"
    },
    {
        "id": "b0afcdd7-2c85-4a95-9fae-d0f1678f2f39",
        "answer_key": "C",
        "language": "English"
    },
    {
        "id": "2fc32b23-b1b5-4ecb-aaf6-af36801e66f9",
        "answer_key": "D",
        "language": "English"
    },
    {
        "id": "140eced2-c6e7-4e28-92dd-d9aaa918c598",
        "answer_key": "B",
        "language": "English"
    },
    {
        "id": "8ab91fdb-8671-4308-9b69-21da59db4bfb",
        "answer_key": "A",
        "language": "English"
    },
    {
        "id": "54d2f63d-dfb4-49eb-a2a1-bb8524a3b01a",
        "answer_key": "C",
        "language": "English"
    },
    {
        "id": "2086d150-013e-49b3-8234-86ab30346c9e",
        "answer_key": "A",
        "language": "English"
    },
    {
        "id": "fa2a91e9-9d1c-435a-bd68-2cb89cb88530",
        "answer_key": "B",
        "language": "English"
    },
    {
        "id": "870d5489-e2ba-45db-8a6a-67fcb0bd0f1b",
        "answer_key": "A",
        "language": "English"
    },
    {
        "id": "42a6e943-0add-491e-b537-904e563dd186",
        "answer_key": "B",
        "language": "English"
    },
    {
        "id": "ec8d09c7-f940-4e42-9e1d-28aa35dc5692",
        "answer_key": "B",
        "language": "English"
    },
    {
        "id": "7b2ab276-63bd-443b-aa1e-98a21c12783f",
        "answer_key": "C",
        "language": "English"
    },
    {
        "id": "8361ea56-2a4f-4215-aacf-9b7ab1b98144",
        "answer_key": "B",
        "language": "English"
    },
    {
        "id": "4ed9e79d-6741-4757-a5d8-99a9eb39e9dc",
        "answer_key": "C",
        "language": "English"
    },
    {
        "id": "22653e52-ad35-497a-8f33-527ac5601b59",
        "answer_key": "D",
        "language": "English"
    },
    {
        "id": "9ae92790-a538-4cbd-83bb-6969939c5ac9",
        "answer_key": "B",
        "language": "English"
    },
    {
        "id": "5b800984-3581-4c23-86b6-161f92c60f96",
        "answer_key": "B",
        "language": "English"
    },
    {
        "id": "f623fdda-1eac-4050-993a-b2dd57f40fe0",
        "answer_key": "C",
        "language": "English"
    },
    {
        "id": "f7ced258-4694-4b24-b3ff-157bc53b3e5a",
        "answer_key": "B",
        "language": "English"
    },
    {
        "id": "35b054be-1ee7-4600-a913-664e5bc6e6ce",
        "answer_key": "B",
        "language": "English"
    },
    {
        "id": "d480ec8f-0c43-4a61-95cf-e2a56cb5cebb",
        "answer_key": "C",
        "language": "English"
    },
    {
        "id": "47483e5e-ecab-4a0c-93c1-bc1d902f5eb5",
        "answer_key": "B",
        "language": "English"
    },
    {
        "id": "9957f416-b65c-4f2d-a2a4-fc3988f762dd",
        "answer_key": "B",
        "language": "English"
    },
    {
        "id": "66ddbb11-c775-45b3-8fb2-6fb9248b6d67",
        "answer_key": "D",
        "language": "English"
    },
    {
        "id": "3d711afa-79c2-49d8-8d78-bf926e979b36",
        "answer_key": "C",
        "language": "English"
    },
    {
        "id": "dc219885-8304-4af9-97b9-7ed0ac1a8ae7",
        "answer_key": "A",
        "language": "English"
    },
    {
        "id": "5fbc584e-2463-479d-b3a3-565307353f9d",
        "answer_key": "A",
        "language": "English"
    },
    {
        "id": "92a7a18c-e172-4683-8ecc-06fdbeeaedeb",
        "answer_key": "D",
        "language": "English"
    },
    {
        "id": "b9b33cdb-543f-4022-b4e4-d1b98fc5f6e7",
        "answer_key": "B",
        "language": "English"
    },
    {
        "id": "5996ae7c-4ff9-430b-90f9-74ca675eaf6d",
        "answer_key": "A",
        "language": "English"
    },
    {
        "id": "585e85c4-ce65-4b4f-a4e8-2fed0b5c89a7",
        "answer_key": "D",
        "language": "English"
    },
    {
        "id": "256fd110-5dbc-436f-b450-46bbcf11991f",
        "answer_key": "C",
        "language": "English"
    },
    {
        "id": "cdfd61be-be0b-45a4-bb69-b0475db25fd5",
        "answer_key": "C",
        "language": "English"
    },
    {
        "id": "8a5d8498-18a0-4d10-95f2-7f55c64bd4f0",
        "answer_key": "D",
        "language": "English"
    },
    {
        "id": "52258e50-2885-4bf6-8de9-82b633c03f28",
        "answer_key": "D",
        "language": "English"
    },
    {
        "id": "c8259cc0-f57f-48ba-9c06-abd56fc6fc1a",
        "answer_key": "D",
        "language": "English"
    },
    {
        "id": "988f67f2-fca6-454c-ab0b-276b09337909",
        "answer_key": "D",
        "language": "English"
    },
    {
        "id": "ff222a99-c591-47e6-8dab-6abf48296007",
        "answer_key": "C",
        "language": "English"
    },
    {
        "id": "8a6da411-e48f-4126-9d43-762f45ac4a69",
        "answer_key": "C",
        "language": "English"
    },
    {
        "id": "66fb7487-f4c7-4881-bc9b-d537001407c4",
        "answer_key": "B",
        "language": "English"
    },
    {
        "id": "68813301-27fd-4f46-adf6-9e1c3b983bf3",
        "answer_key": "B",
        "language": "English"
    },
    {
        "id": "fc6b9ee1-3250-40c6-8e6a-d873534cd7e4",
        "answer_key": "A",
        "language": "English"
    },
    {
        "id": "602d7e15-9f03-4a86-bf2a-82991cf43714",
        "answer_key": "C",
        "language": "English"
    },
    {
        "id": "2da2359d-25fd-466b-92b7-182904b55a7b",
        "answer_key": "A",
        "language": "English"
    },
    {
        "id": "c2947ec9-7afc-464a-9beb-d50670bda75d",
        "answer_key": "B",
        "language": "English"
    },
    {
        "id": "b72158d0-b779-4be4-b52b-b4850c7c2b9b",
        "answer_key": "B",
        "language": "English"
    },
    {
        "id": "0cc365a3-3c54-4d50-af69-5a4c3732af83",
        "answer_key": "A",
        "language": "English"
    },
    {
        "id": "155b4951-9bf5-4fdf-94e6-fbbd91723c13",
        "answer_key": "A",
        "language": "English"
    },
    {
        "id": "003deb39-0577-4ec8-8ad0-925e886184d0",
        "answer_key": "B",
        "language": "English"
    },
    {
        "id": "93b37d28-02ae-4be1-8438-de87223e1a76",
        "answer_key": "A",
        "language": "English"
    },
    {
        "id": "f230568f-80ad-47e4-a9ac-58957c529455",
        "answer_key": "C",
        "language": "English"
    },
    {
        "id": "bb2826c0-872b-468a-90a7-cea8cb4bb735",
        "answer_key": "A",
        "language": "English"
    },
    {
        "id": "bc9bfbc5-466a-444e-b309-408c1f6e88b4",
        "answer_key": "C",
        "language": "English"
    },
    {
        "id": "92041a9e-f187-41dc-911d-b08387bbe274",
        "answer_key": "D",
        "language": "English"
    },
    {
        "id": "8828b90f-87f8-4f2e-a266-f78fbd0ff3c4",
        "answer_key": "C",
        "language": "English"
    },
    {
        "id": "205fec4c-33c1-4292-b95c-133f76905d5f",
        "answer_key": "D",
        "language": "English"
    },
    {
        "id": "98c77398-2952-4c20-b12a-b1816a7790f9",
        "answer_key": "C",
        "language": "English"
    },
    {
        "id": "b3e0f7a4-1e99-415c-b68d-35c0de75fad0",
        "answer_key": "C",
        "language": "English"
    },
    {
        "id": "f7385c30-aae1-4d65-bbc6-d9da6506cd5f",
        "answer_key": "B",
        "language": "English"
    },
    {
        "id": "a6333692-f86c-4c30-a14b-d3efae30e058",
        "answer_key": "B",
        "language": "English"
    },
    {
        "id": "b209c8ae-62e2-48a0-b354-6e63163ac22a",
        "answer_key": "A",
        "language": "English"
    },
    {
        "id": "082d9e1b-92c6-4695-9ac8-cd7dc919351a",
        "answer_key": "B",
        "language": "English"
    },
    {
        "id": "1ce60235-6421-40af-bb23-826a781a5544",
        "answer_key": "B",
        "language": "English"
    },
    {
        "id": "c07587c8-620d-4144-b5ad-8cba7915e050",
        "answer_key": "B",
        "language": "English"
    },
    {
        "id": "7885c56e-1107-4f44-890d-088aa74c6325",
        "answer_key": "A",
        "language": "English"
    },
    {
        "id": "b00e74a9-61e8-458a-b3cf-3ef0394a0ec8",
        "answer_key": "A",
        "language": "English"
    },
    {
        "id": "66c9233f-cef3-49da-b859-bd7871853ae8",
        "answer_key": "B",
        "language": "English"
    },
    {
        "id": "47896fe7-7ec7-417a-ad3d-e541568aa92b",
        "answer_key": "C",
        "language": "English"
    },
    {
        "id": "e315878c-ce4e-44ce-9e95-bfa897a2f8ee",
        "answer_key": "B",
        "language": "English"
    },
    {
        "id": "c0150fd8-375e-4d53-a38e-24523b6b8297",
        "answer_key": "D",
        "language": "English"
    },
    {
        "id": "90a3bfbb-72c1-4c6c-8c0f-9051b425ca3e",
        "answer_key": "C",
        "language": "English"
    },
    {
        "id": "2adeeb96-5b46-4420-abf2-4d6aeaafe093",
        "answer_key": "B",
        "language": "English"
    },
    {
        "id": "6bbdb46f-0cee-4d0e-b4a5-6c50ac9510ef",
        "answer_key": "D",
        "language": "English"
    },
    {
        "id": "ce8e4edd-3de1-4ffb-801d-25179b6c5577",
        "answer_key": "C",
        "language": "English"
    },
    {
        "id": "6c2e4a3d-2ca0-4f44-a8a1-1f9ecbc73afa",
        "answer_key": "A",
        "language": "English"
    },
    {
        "id": "1134085d-5faa-46fe-aaa7-438e26710228",
        "answer_key": "B",
        "language": "English"
    },
    {
        "id": "08202112-fe03-4ee6-a39e-4d2118201d65",
        "answer_key": "B",
        "language": "English"
    },
    {
        "id": "455da8f0-5160-4532-89b3-e57172e157f3",
        "answer_key": "B",
        "language": "English"
    },
    {
        "id": "dc59bded-6016-4cfa-9cf4-240d148fa970",
        "answer_key": "A",
        "language": "English"
    },
    {
        "id": "93bdcee2-203a-47fb-8069-aa03925f9b56",
        "answer_key": "D",
        "language": "English"
    },
    {
        "id": "cfec5df0-0763-42df-b936-32143a96fd94",
        "answer_key": "C",
        "language": "English"
    },
    {
        "id": "731a655a-f5c3-481a-af3e-b06f6a49a521",
        "answer_key": "B",
        "language": "English"
    },
    {
        "id": "962c5dfa-26d8-4567-8759-811d338c4f46",
        "answer_key": "C",
        "language": "English"
    },
    {
        "id": "ef9e87e4-278f-4f20-a7c5-662662f52030",
        "answer_key": "C",
        "language": "English"
    },
    {
        "id": "3af5dba7-af60-461d-a67f-5191c27cb1e8",
        "answer_key": "D",
        "language": "English"
    },
    {
        "id": "d77f0f4c-45d3-4585-adbb-0c6d151caf23",
        "answer_key": "A",
        "language": "English"
    },
    {
        "id": "33a51a74-6f62-4e70-9ab9-69e5c24210c4",
        "answer_key": "A",
        "language": "English"
    },
    {
        "id": "440d6b3e-17ad-40f6-89bc-5bae5faf0110",
        "answer_key": "C",
        "language": "English"
    },
    {
        "id": "e0f9876b-1bdf-41fd-ae14-55e90f1db391",
        "answer_key": "D",
        "language": "English"
    },
    {
        "id": "3cac617a-faa6-418b-bba2-4b33fefbb3a4",
        "answer_key": "B",
        "language": "English"
    },
    {
        "id": "03c9f494-a1c2-474f-9b49-548c0e9cfeba",
        "answer_key": "C",
        "language": "English"
    },
    {
        "id": "f7f702cb-3feb-4f89-b6ba-3a50aa14990e",
        "answer_key": "B",
        "language": "English"
    },
    {
        "id": "6147c9c7-3934-4a9e-b404-4942deb2d9c9",
        "answer_key": "B",
        "language": "English"
    },
    {
        "id": "660a990e-ca0b-411a-983c-817307c45475",
        "answer_key": "A",
        "language": "English"
    },
    {
        "id": "fc022815-bc99-4a26-b539-0e55ffb6486f",
        "answer_key": "A",
        "language": "English"
    },
    {
        "id": "719d9be9-4875-4856-9e5a-ef515007cd5b",
        "answer_key": "D",
        "language": "English"
    },
    {
        "id": "ffa5712d-3d8b-4c62-9d78-d9a1a19d680f",
        "answer_key": "B",
        "language": "English"
    },
    {
        "id": "4e13acdd-abef-49ee-a2f4-3dc1c2bbe80e",
        "answer_key": "A",
        "language": "English"
    },
    {
        "id": "52761dce-16ac-423e-a70f-3fcd03ddf063",
        "answer_key": "B",
        "language": "English"
    },
    {
        "id": "a736d223-f78f-4fa0-8f23-0244a78af211",
        "answer_key": "B",
        "language": "English"
    },
    {
        "id": "1131666d-2dd6-4794-8ef4-7e53c5bbb3c6",
        "answer_key": "D",
        "language": "English"
    },
    {
        "id": "6a3c78cc-a454-49db-aa11-4b1d872dfee0",
        "answer_key": "A",
        "language": "English"
    },
    {
        "id": "b609ded7-1402-4be4-a8f8-b46e0129ae48",
        "answer_key": "D",
        "language": "English"
    },
    {
        "id": "3bfb12be-b8ce-4658-b469-d85863b5e639",
        "answer_key": "C",
        "language": "English"
    },
    {
        "id": "7d0796be-ac7b-4ee7-a6d9-586c7d2ddf7f",
        "answer_key": "C",
        "language": "English"
    },
    {
        "id": "f9145af4-9a18-4d94-8777-0c14e91da4f9",
        "answer_key": "A",
        "language": "English"
    },
    {
        "id": "dd6fa536-8f69-4d13-a87a-de7de99b14dc",
        "answer_key": "D",
        "language": "English"
    },
    {
        "id": "a9916bc9-2cba-4db1-91c2-48258c12e795",
        "answer_key": "C",
        "language": "English"
    },
    {
        "id": "dc4aab4b-48bd-402c-a7e5-b6920586d165",
        "answer_key": "C",
        "language": "English"
    },
    {
        "id": "ce765f28-1896-458d-ad39-734140f1af39",
        "answer_key": "A",
        "language": "English"
    },
    {
        "id": "215b85b1-d0b8-4593-a0e0-25dd06f9e1bb",
        "answer_key": "B",
        "language": "English"
    },
    {
        "id": "b1a715db-76c7-4219-8bb8-63090064288e",
        "answer_key": "A",
        "language": "English"
    },
    {
        "id": "bd76c6eb-9ff9-435b-8c28-53d1dda1a123",
        "answer_key": "D",
        "language": "English"
    },
    {
        "id": "0b64b5e1-5af5-4ff8-a2bf-81189bfaee6c",
        "answer_key": "C",
        "language": "English"
    },
    {
        "id": "9aa97be3-aaf6-4e52-83cf-8cd14cf0cf53",
        "answer_key": "A",
        "language": "English"
    },
    {
        "id": "a63762a8-a9ae-4599-8491-fac9d5f8bf5f",
        "answer_key": "A",
        "language": "English"
    },
    {
        "id": "d61159d3-cf59-475a-8596-d49a15133aa9",
        "answer_key": "C",
        "language": "English"
    },
    {
        "id": "560938a6-5173-49d4-b6ea-85bd92dc0d47",
        "answer_key": "B",
        "language": "English"
    },
    {
        "id": "e26157ed-5a65-4a30-981b-21c02423186c",
        "answer_key": "D",
        "language": "English"
    },
    {
        "id": "ce2df256-e942-4c02-8c83-ad79a7e4bed6",
        "answer_key": "A",
        "language": "English"
    },
    {
        "id": "95d0f9f4-b6a9-4d83-9e26-43f7e59adce5",
        "answer_key": "A",
        "language": "English"
    },
    {
        "id": "46eb7fef-74ef-4526-998f-dd60a3b0905a",
        "answer_key": "C",
        "language": "English"
    },
    {
        "id": "b850d49b-c6d0-47a9-bbd1-ac7f99a768c6",
        "answer_key": "A",
        "language": "English"
    },
    {
        "id": "f36c4174-0f25-4947-8ac2-2294e1bd0954",
        "answer_key": "C",
        "language": "English"
    },
    {
        "id": "ca66d37b-40e5-4c14-8b71-d0f410eedff8",
        "answer_key": "A",
        "language": "English"
    },
    {
        "id": "d830aded-3bc8-4448-8d13-915b17bcc38f",
        "answer_key": "A",
        "language": "English"
    },
    {
        "id": "9ad7d769-4231-4bcc-a309-472a5d29c132",
        "answer_key": "D",
        "language": "English"
    },
    {
        "id": "30e1e8e7-3dbf-4eb9-a90e-4b5f3533a239",
        "answer_key": "B",
        "language": "English"
    },
    {
        "id": "a6f4a0db-1ad3-466c-bd03-066fd05686d2",
        "answer_key": "A",
        "language": "English"
    },
    {
        "id": "5549ea88-99b4-441a-bbcb-675b26689b47",
        "answer_key": "D",
        "language": "English"
    },
    {
        "id": "5613387e-237e-422e-9e56-e7d6960da28f",
        "answer_key": "A",
        "language": "English"
    },
    {
        "id": "a5429381-3909-41a1-8c10-3feb1be4d6d9",
        "answer_key": "D",
        "language": "English"
    },
    {
        "id": "daf03ddf-d2b3-40ff-8fb5-9f8f09ae7dcf",
        "answer_key": "D",
        "language": "English"
    },
    {
        "id": "58db45cc-3dce-4e18-b5e3-13cc00273744",
        "answer_key": "D",
        "language": "English"
    },
    {
        "id": "d3f13ad1-8da6-47e4-9ecc-4dab536c3664",
        "answer_key": "C",
        "language": "English"
    },
    {
        "id": "826b7372-e8db-462a-9663-f04d6a040f6b",
        "answer_key": "D",
        "language": "English"
    },
    {
        "id": "bfced7a2-e567-47b0-bea6-6355a2ba4e8c",
        "answer_key": "A",
        "language": "English"
    },
    {
        "id": "bed4897f-8794-412f-b04a-473899476289",
        "answer_key": "D",
        "language": "English"
    },
    {
        "id": "1fe7711f-68b4-4d7d-9c91-15dde8dc283c",
        "answer_key": "B",
        "language": "English"
    },
    {
        "id": "daa304e1-60b0-4f74-a238-4665a6ce0598",
        "answer_key": "B",
        "language": "English"
    },
    {
        "id": "493efb07-733e-4887-81ec-45f786eea585",
        "answer_key": "B",
        "language": "English"
    },
    {
        "id": "8ea6e71f-569a-47b9-a1a5-7e5b86a44e5c",
        "answer_key": "B",
        "language": "English"
    },
    {
        "id": "d4b6c531-1555-4c42-9d4f-b26922ef82af",
        "answer_key": "B",
        "language": "English"
    },
    {
        "id": "0119e8c5-4780-42b7-a1a3-3b46eadbf79b",
        "answer_key": "C",
        "language": "English"
    },
    {
        "id": "126ed565-3c22-4a8c-a59c-af480d66b98f",
        "answer_key": "D",
        "language": "English"
    },
    {
        "id": "4d933988-8471-4df7-a8ac-9ee57dabee87",
        "answer_key": "C",
        "language": "English"
    },
    {
        "id": "908e97e2-085c-41e5-8a33-29a4c062f5ec",
        "answer_key": "A",
        "language": "English"
    },
    {
        "id": "9887a741-0c54-480e-b098-7eded88fa5a1",
        "answer_key": "C",
        "language": "English"
    },
    {
        "id": "acbb6446-d136-4626-9790-bcfe870d1c0a",
        "answer_key": "C",
        "language": "English"
    },
    {
        "id": "41e12ed4-bd5c-4e92-85a5-9a23ea230a57",
        "answer_key": "D",
        "language": "English"
    },
    {
        "id": "a10eeda7-c960-4a3b-93c4-9f551f7c8819",
        "answer_key": "B",
        "language": "English"
    },
    {
        "id": "00c7351c-8466-41c0-be56-70bd81335389",
        "answer_key": "B",
        "language": "English"
    },
    {
        "id": "5e51749e-ef26-4441-acc1-56421306b1b2",
        "answer_key": "D",
        "language": "English"
    },
    {
        "id": "cf34bae5-0a50-458c-9766-7277d58c6625",
        "answer_key": "A",
        "language": "English"
    },
    {
        "id": "72af081b-3c8a-4e84-b445-f23d26228557",
        "answer_key": "A",
        "language": "English"
    },
    {
        "id": "1a315afa-746e-46a0-a8a5-cbf46e545957",
        "answer_key": "B",
        "language": "English"
    },
    {
        "id": "1cd58bae-fe28-4006-8a91-bfc6fde03cca",
        "answer_key": "B",
        "language": "English"
    },
    {
        "id": "27e7db57-7fb4-4250-ba9c-b02c32beb99c",
        "answer_key": "B",
        "language": "English"
    },
    {
        "id": "f75bb366-e532-40c0-bb02-829937860b5d",
        "answer_key": "A",
        "language": "English"
    },
    {
        "id": "3a5914ff-2119-4575-afbe-af4724023c2b",
        "answer_key": "B",
        "language": "English"
    },
    {
        "id": "457b416c-3c36-454d-b93e-01b24086d693",
        "answer_key": "C",
        "language": "English"
    },
    {
        "id": "d308bd37-0ff1-4d5f-94c0-34342b9f46f5",
        "answer_key": "A",
        "language": "English"
    },
    {
        "id": "4dafe78e-1ebd-4b35-9c0e-7b5f8547b597",
        "answer_key": "A",
        "language": "English"
    },
    {
        "id": "c8ae1d72-2e6b-415d-ac23-1e89537b6897",
        "answer_key": "C",
        "language": "English"
    },
    {
        "id": "4a7d0f21-1335-43ff-86d2-1b64d50b8f3a",
        "answer_key": "B",
        "language": "English"
    },
    {
        "id": "6113e1b9-acab-4d0a-a149-92bdbe4c0f9b",
        "answer_key": "D",
        "language": "English"
    },
    {
        "id": "0d32e2a8-3707-4627-a555-0714570f22bf",
        "answer_key": "B",
        "language": "English"
    },
    {
        "id": "1d2668f0-8473-44ad-8b45-c4f795177792",
        "answer_key": "A",
        "language": "English"
    },
    {
        "id": "5fcc0ded-8755-47a1-8dee-e5a49ef8c23f",
        "answer_key": "D",
        "language": "English"
    },
    {
        "id": "54c4c6d4-8e44-4d33-9fbb-081709f3671c",
        "answer_key": "C",
        "language": "English"
    },
    {
        "id": "dba4db01-07ea-4492-b0c3-554249a5c14a",
        "answer_key": "D",
        "language": "English"
    },
    {
        "id": "47d3ed95-b8ee-4c58-aa5d-d12df307bc4b",
        "answer_key": "C",
        "language": "English"
    },
    {
        "id": "87718004-cec3-4f09-9fe8-4b9849ea6b49",
        "answer_key": "A",
        "language": "English"
    },
    {
        "id": "3ec7111c-5f75-4314-82b4-97d78de89987",
        "answer_key": "D",
        "language": "English"
    },
    {
        "id": "2b5d6961-d111-4cf9-98d1-809631206b50",
        "answer_key": "D",
        "language": "English"
    },
    {
        "id": "e37ae0dc-982e-4fcb-81e5-a06591567a1c",
        "answer_key": "A",
        "language": "English"
    },
    {
        "id": "cbf8de59-615d-4978-903d-13ea74310ca9",
        "answer_key": "C",
        "language": "English"
    },
    {
        "id": "cb25b938-be3b-4c39-9f17-99d76f5f2b97",
        "answer_key": "B",
        "language": "English"
    },
    {
        "id": "73b4b7e6-3bc2-4d58-9c99-ed02debc7296",
        "answer_key": "A",
        "language": "English"
    },
    {
        "id": "e8612797-df21-4452-8e0f-9ed02e0fa06b",
        "answer_key": "C",
        "language": "English"
    },
    {
        "id": "f0f5e6de-c6f3-4ff7-908f-44884a4dd563",
        "answer_key": "C",
        "language": "English"
    },
    {
        "id": "a395694b-aaa8-471c-8d30-8874f14b7bb1",
        "answer_key": "B",
        "language": "English"
    },
    {
        "id": "4fb198c7-fb09-455b-9514-c07d5c9ed64c",
        "answer_key": "B",
        "language": "English"
    },
    {
        "id": "338b9bbb-c2d8-437c-932e-970dfcabb785",
        "answer_key": "A",
        "language": "English"
    },
    {
        "id": "f9b52cb2-fa78-463d-bdd8-97817b98872e",
        "answer_key": "D",
        "language": "English"
    },
    {
        "id": "f098d879-6655-4977-be3d-e30ab1ee8424",
        "answer_key": "D",
        "language": "English"
    },
    {
        "id": "b69e9229-9a04-4000-a213-0afea869f015",
        "answer_key": "A",
        "language": "English"
    },
    {
        "id": "c5527761-107b-490f-a363-51e26132dcdf",
        "answer_key": "B",
        "language": "English"
    },
    {
        "id": "847f41c7-43a3-4b05-83f5-a2222b98ce37",
        "answer_key": "C",
        "language": "English"
    },
    {
        "id": "2a827ff6-498d-4d7e-a746-a4eda9a0f2f6",
        "answer_key": "A",
        "language": "English"
    },
    {
        "id": "0563f4b7-a7a1-4c2a-947d-f1481076ecaf",
        "answer_key": "A",
        "language": "English"
    },
    {
        "id": "1daa4e51-7ddd-42bc-9493-42932e4b57b5",
        "answer_key": "A",
        "language": "English"
    },
    {
        "id": "d4e0bd19-62b2-4f35-b102-0d54dcbd22fd",
        "answer_key": "A",
        "language": "English"
    },
    {
        "id": "2e65026e-f465-4f05-84ae-3578e60200bf",
        "answer_key": "C",
        "language": "English"
    },
    {
        "id": "bbd4b4dd-5579-4077-9eba-a04abb441fb9",
        "answer_key": "B",
        "language": "English"
    },
    {
        "id": "f5fa5900-aa94-42ca-b14f-b582c635ce72",
        "answer_key": "D",
        "language": "English"
    },
    {
        "id": "df971b24-4960-45ff-a869-797bb90f2d8b",
        "answer_key": "A",
        "language": "English"
    },
    {
        "id": "0c0d13bb-505a-44a6-a14b-45f666ed742e",
        "answer_key": "A",
        "language": "English"
    },
    {
        "id": "2ee596ad-bfca-42cf-8479-35d81d9c316d",
        "answer_key": "A",
        "language": "English"
    },
    {
        "id": "50f06341-a890-41ce-bd9f-f8a9f9b0df84",
        "answer_key": "C",
        "language": "English"
    },
    {
        "id": "d7e1bd0c-d3ec-4adb-a6e9-a1881bd946a9",
        "answer_key": "A",
        "language": "English"
    },
    {
        "id": "95aeab84-281d-4c6d-a18d-cb884ca30692",
        "answer_key": "C",
        "language": "English"
    },
    {
        "id": "af79e984-38b1-4323-8d84-66c097b659cc",
        "answer_key": "C",
        "language": "English"
    },
    {
        "id": "8ade45f3-b5b7-4165-98b5-d7c72ebe5664",
        "answer_key": "A",
        "language": "English"
    },
    {
        "id": "f6340bda-e442-4e03-90cc-55ae6536031f",
        "answer_key": "A",
        "language": "English"
    },
    {
        "id": "86e5297e-211d-48f2-9f73-4f20e8e42c7f",
        "answer_key": "A",
        "language": "English"
    },
    {
        "id": "4ee569bb-8c11-4b9b-84fc-a643edd653fc",
        "answer_key": "C",
        "language": "English"
    },
    {
        "id": "3ec67bbf-bd90-4a82-bda6-f5e13afb5245",
        "answer_key": "B",
        "language": "English"
    },
    {
        "id": "0a94eec2-a2a1-443b-913c-81b718044c5f",
        "answer_key": "B",
        "language": "English"
    },
    {
        "id": "137b1cbc-c5cb-4de6-a087-20af3101c59f",
        "answer_key": "D",
        "language": "English"
    },
    {
        "id": "319b8968-dd57-41d0-9e5b-5a2675e32ce2",
        "answer_key": "D",
        "language": "English"
    },
    {
        "id": "1d15fa2f-aeab-49a0-b982-9623c0bed0d4",
        "answer_key": "A",
        "language": "English"
    },
    {
        "id": "cdfc200f-865d-4677-96f1-511e2dbf5d47",
        "answer_key": "B",
        "language": "English"
    },
    {
        "id": "4d120db5-0f65-4cee-8fdf-a6681a69967f",
        "answer_key": "A",
        "language": "English"
    },
    {
        "id": "731aa715-66e5-41de-a69b-6ec85256e277",
        "answer_key": "A",
        "language": "English"
    },
    {
        "id": "4a4a2604-0e49-45fc-860b-9ffb21449876",
        "answer_key": "A",
        "language": "English"
    },
    {
        "id": "2054afeb-c920-426c-89a2-885eea97e4bd",
        "answer_key": "A",
        "language": "English"
    },
    {
        "id": "3aed5434-cc3c-44e3-a4e4-44fbb3af6186",
        "answer_key": "A",
        "language": "English"
    },
    {
        "id": "e81e7ca4-80bd-4490-b292-b93926ba2c96",
        "answer_key": "A",
        "language": "English"
    },
    {
        "id": "3483fede-ee43-45ca-97e4-2c4a8c40c356",
        "answer_key": "C",
        "language": "English"
    },
    {
        "id": "1e536716-7c36-4713-9a7c-f15e410f1cb2",
        "answer_key": "C",
        "language": "English"
    },
    {
        "id": "c3dd0862-c2b8-491e-89b6-606b2a8fcc5d",
        "answer_key": "B",
        "language": "English"
    },
    {
        "id": "bee6a10b-21ee-4f48-943c-76c3099a1ca8",
        "answer_key": "C",
        "language": "English"
    },
    {
        "id": "eff5ae4c-3b6e-4bae-88c1-b7d72fde1e27",
        "answer_key": "C",
        "language": "English"
    },
    {
        "id": "1fb2bf52-842b-49a8-b013-f018b1751ed7",
        "answer_key": "C",
        "language": "English"
    },
    {
        "id": "6c12e2a5-d94c-454c-9438-d96077d8fb45",
        "answer_key": "C",
        "language": "English"
    },
    {
        "id": "e99a9765-f59b-4317-95bf-1cd459d0899f",
        "answer_key": "A",
        "language": "English"
    },
    {
        "id": "b43b6cba-fabd-40a3-81be-4a0b921bcf24",
        "answer_key": "D",
        "language": "English"
    },
    {
        "id": "67f75cfb-8099-48c4-bfc5-68d29442af8c",
        "answer_key": "C",
        "language": "English"
    },
    {
        "id": "b221d0bf-fcdb-463e-ac8d-1bd941632edd",
        "answer_key": "A",
        "language": "English"
    },
    {
        "id": "07b7ded5-6c9d-4163-b233-5edd0e047d05",
        "answer_key": "B",
        "language": "English"
    },
    {
        "id": "2dcba62f-7253-43dd-980d-1e327c55bda0",
        "answer_key": "C",
        "language": "English"
    },
    {
        "id": "f63e519f-e0a6-4c5d-93a7-a1f6457b7daf",
        "answer_key": "B",
        "language": "English"
    },
    {
        "id": "c1cdf2eb-5dab-45d7-90b7-ae2ec8e447df",
        "answer_key": "D",
        "language": "English"
    },
    {
        "id": "54baa754-8645-47cb-b4a7-c4d2118512b1",
        "answer_key": "C",
        "language": "English"
    },
    {
        "id": "1ccccec4-f29f-40c2-8314-3eaba9a2daad",
        "answer_key": "D",
        "language": "English"
    },
    {
        "id": "6c7ff11e-3b0a-4e14-a8be-98958dc2d46a",
        "answer_key": "B",
        "language": "English"
    },
    {
        "id": "5051a299-ab9c-413d-af20-a6c0d9e91d3f",
        "answer_key": "D",
        "language": "English"
    },
    {
        "id": "fb680e49-d7a3-44ba-a0ea-59662d244d55",
        "answer_key": "A",
        "language": "English"
    },
    {
        "id": "c4cc1f82-a84f-4c1f-8315-f2cba39c851a",
        "answer_key": "C",
        "language": "English"
    },
    {
        "id": "129825c1-ad74-4265-9953-c76914314bac",
        "answer_key": "B",
        "language": "English"
    },
    {
        "id": "0d4fa6de-a554-4f6f-91a0-3b2ea81595fd",
        "answer_key": "C",
        "language": "English"
    },
    {
        "id": "36efa4cc-de7c-444e-9933-8c71bd5093b4",
        "answer_key": "B",
        "language": "English"
    },
    {
        "id": "331aa9f9-71e8-4d6f-b242-64766306c5cd",
        "answer_key": "A",
        "language": "English"
    },
    {
        "id": "f78569a1-ce22-427c-a06e-825e9336f3d1",
        "answer_key": "B",
        "language": "English"
    },
    {
        "id": "08587d8b-fb54-4c1a-b66d-3c13a6b59542",
        "answer_key": "C",
        "language": "English"
    },
    {
        "id": "f679718a-e7cd-4f2f-8f28-9e1c972b0423",
        "answer_key": "A",
        "language": "English"
    },
    {
        "id": "2e332e9c-74a3-40cc-8c26-649ab4586e08",
        "answer_key": "B",
        "language": "English"
    },
    {
        "id": "8d004abf-38ec-46c0-91a4-f9ab70d80d6d",
        "answer_key": "A",
        "language": "English"
    },
    {
        "id": "b9c9ad4f-f724-4834-a577-94f643911b69",
        "answer_key": "A",
        "language": "English"
    },
    {
        "id": "3cdefddf-9fe1-416b-8153-97e646bd47f7",
        "answer_key": "A",
        "language": "English"
    },
    {
        "id": "edc16cfa-21ec-4aa1-8706-28582b77543b",
        "answer_key": "A",
        "language": "English"
    },
    {
        "id": "0fcf0859-df20-4615-b48b-cc7c247d2735",
        "answer_key": "A",
        "language": "English"
    },
    {
        "id": "b7f11b33-9780-47c8-85be-1a769ee08206",
        "answer_key": "C",
        "language": "English"
    },
    {
        "id": "ff195340-cf5c-41ce-a16f-d8093c26a0a1",
        "answer_key": "A",
        "language": "English"
    },
    {
        "id": "cdd554fa-0e53-41ba-a8a4-f517567b2f2c",
        "answer_key": "C",
        "language": "English"
    },
    {
        "id": "1e246ae2-c9c5-475f-b8eb-f2566dc25aea",
        "answer_key": "A",
        "language": "English"
    },
    {
        "id": "93261d79-ebbf-4a50-9cb9-79c55722c917",
        "answer_key": "C",
        "language": "English"
    },
    {
        "id": "a7b337d0-decb-4c09-be51-f8ebd725e5f4",
        "answer_key": "B",
        "language": "English"
    },
    {
        "id": "b5ca3d6b-25b0-41d5-ae26-f44cafb6d261",
        "answer_key": "A",
        "language": "English"
    },
    {
        "id": "6a73e41b-c2ea-44f3-b03a-c7d23ee78b3e",
        "answer_key": "C",
        "language": "English"
    },
    {
        "id": "0adddc19-40cb-466a-9669-20f11f6cfcd6",
        "answer_key": "A",
        "language": "English"
    },
    {
        "id": "a721ae5d-114a-4ca2-a815-ee93def9627e",
        "answer_key": "D",
        "language": "English"
    },
    {
        "id": "697f9538-017f-4a62-b4aa-f7b9f7cc7df2",
        "answer_key": "A",
        "language": "English"
    },
    {
        "id": "9deafc79-2215-4ed0-baf6-9e0c0f216fff",
        "answer_key": "C",
        "language": "English"
    },
    {
        "id": "9ff70d28-02be-4199-b731-7f62564c412b",
        "answer_key": "A",
        "language": "English"
    },
    {
        "id": "9b1feb96-2745-4db0-af64-2a82690200e1",
        "answer_key": "D",
        "language": "English"
    },
    {
        "id": "3c9b8e60-7bc7-4d59-92a2-2c301f4da049",
        "answer_key": "D",
        "language": "English"
    },
    {
        "id": "d523c75b-1532-4438-b28c-9d6a9ce495ce",
        "answer_key": "A",
        "language": "English"
    },
    {
        "id": "b9e2ce50-c9cb-438f-98c7-98de44928e64",
        "answer_key": "B",
        "language": "English"
    },
    {
        "id": "b535d323-65e4-4e26-8451-6152976edc06",
        "answer_key": "C",
        "language": "English"
    },
    {
        "id": "238c90f2-a589-4e88-86b5-827d8d9c5d19",
        "answer_key": "A",
        "language": "English"
    },
    {
        "id": "184a8327-7fc0-4824-8647-c65bc66ecacf",
        "answer_key": "A",
        "language": "English"
    },
    {
        "id": "c9a8cff9-0d57-4bf6-83cb-02029f4a77c5",
        "answer_key": "C",
        "language": "English"
    },
    {
        "id": "07a760b7-0084-4dea-8d3b-44522121cf18",
        "answer_key": "C",
        "language": "English"
    },
    {
        "id": "a115d37a-4c07-4c8e-84eb-ba57c13361cd",
        "answer_key": "C",
        "language": "English"
    },
    {
        "id": "7720bb82-8288-42f0-95b5-8feaca728e6d",
        "answer_key": "D",
        "language": "English"
    },
    {
        "id": "bb638394-0c4d-43a4-a004-4daa74ddf36b",
        "answer_key": "D",
        "language": "English"
    },
    {
        "id": "465be849-f11a-4c8c-9642-227007a04508",
        "answer_key": "C",
        "language": "English"
    },
    {
        "id": "c965343f-918c-4ed4-af1d-66a97f191ee1",
        "answer_key": "B",
        "language": "English"
    },
    {
        "id": "b42d913e-4685-48ec-8b31-a08d37fa4d06",
        "answer_key": "A",
        "language": "English"
    },
    {
        "id": "75234996-e33e-4e66-99b7-67c12a10b956",
        "answer_key": "D",
        "language": "English"
    },
    {
        "id": "80a65a69-af8c-4ed6-8cf1-ed3b43c5d489",
        "answer_key": "A",
        "language": "English"
    },
    {
        "id": "db47755a-8c60-4d11-99af-1ec40db026d7",
        "answer_key": "B",
        "language": "English"
    },
    {
        "id": "00a41fdf-3a0e-4544-bcf4-4ce0e126b7d5",
        "answer_key": "C",
        "language": "English"
    },
    {
        "id": "9cc5174a-8040-491c-8a11-ac099e306c7e",
        "answer_key": "D",
        "language": "English"
    },
    {
        "id": "a150e089-8810-49fe-8112-091da53ec613",
        "answer_key": "B",
        "language": "English"
    },
    {
        "id": "6dcb8f31-3c82-4248-a549-2ea1bf61f1d9",
        "answer_key": "C",
        "language": "English"
    },
    {
        "id": "e39d8629-a5c2-4641-ab27-939d6e8ba939",
        "answer_key": "B",
        "language": "English"
    },
    {
        "id": "a9256efa-bb5d-4f4f-b517-800059028ec5",
        "answer_key": "A",
        "language": "English"
    },
    {
        "id": "bf766262-89e3-4f84-b30e-c232cf6f4ec0",
        "answer_key": "B",
        "language": "English"
    },
    {
        "id": "e8810f26-99f3-4c7f-9700-1ba6bf581024",
        "answer_key": "A",
        "language": "English"
    },
    {
        "id": "ad898dc2-2477-488d-8ece-9b05bf5ec622",
        "answer_key": "A",
        "language": "English"
    },
    {
        "id": "819b8ecf-00b0-430d-ae0c-1536a1d97962",
        "answer_key": "A",
        "language": "English"
    },
    {
        "id": "62e4dce5-4f12-4e0b-bfcf-1e6ea09c9306",
        "answer_key": "B",
        "language": "English"
    },
    {
        "id": "149a1f78-924a-42e4-b1d4-911965ce907b",
        "answer_key": "D",
        "language": "English"
    },
    {
        "id": "803898b1-79a0-4797-8490-2f8bb1b01a20",
        "answer_key": "B",
        "language": "English"
    },
    {
        "id": "739735eb-1321-4aff-8c39-a77dfaebc787",
        "answer_key": "D",
        "language": "English"
    },
    {
        "id": "98d68fe6-b440-4b22-9f4f-55771288aa5b",
        "answer_key": "A",
        "language": "English"
    },
    {
        "id": "3d80a27b-83bb-4947-9f9b-9afeb7b45b00",
        "answer_key": "A",
        "language": "English"
    },
    {
        "id": "4bb0988c-487f-4bf2-b2ad-b6423f7ddc25",
        "answer_key": "A",
        "language": "English"
    },
    {
        "id": "42c98624-0f07-48ed-accc-0956f41c871d",
        "answer_key": "A",
        "language": "English"
    },
    {
        "id": "8d9e6218-a89c-434e-8c3b-491698d5c8c5",
        "answer_key": "B",
        "language": "English"
    },
    {
        "id": "8f1b1aaa-7584-4faf-b053-9082010eb7fe",
        "answer_key": "B",
        "language": "English"
    },
    {
        "id": "fea3a81a-e72a-4074-976c-709dad635307",
        "answer_key": "A",
        "language": "English"
    },
    {
        "id": "62a51f0b-f025-4c5d-a555-f7a1e8c597d7",
        "answer_key": "A",
        "language": "English"
    },
    {
        "id": "37334282-4889-482a-a139-4e7f668e1339",
        "answer_key": "A",
        "language": "English"
    },
    {
        "id": "627d200d-60fa-4aeb-bceb-9260f9d41408",
        "answer_key": "D",
        "language": "English"
    },
    {
        "id": "f168f50b-16cf-48a8-9179-2f541f29f6f3",
        "answer_key": "D",
        "language": "English"
    },
    {
        "id": "e6101538-14d0-4af2-a10d-e612fe3a13ca",
        "answer_key": "C",
        "language": "English"
    },
    {
        "id": "f8de208b-a1f9-4d5e-a784-aef4873fedc5",
        "answer_key": "B",
        "language": "English"
    },
    {
        "id": "b5097c48-4c1e-494e-b797-04fc2730b8c5",
        "answer_key": "A",
        "language": "English"
    },
    {
        "id": "00b8b291-664d-4cb6-885f-5f6c9250a4d5",
        "answer_key": "A",
        "language": "English"
    },
    {
        "id": "2044d0e6-40ca-4524-b1cb-01e6e733f9eb",
        "answer_key": "D",
        "language": "English"
    },
    {
        "id": "1bd7ccb5-f662-48c4-8adf-97bdb0295fd1",
        "answer_key": "C",
        "language": "English"
    },
    {
        "id": "02257f56-afdb-4366-8c0b-2cf8180b4949",
        "answer_key": "A",
        "language": "English"
    },
    {
        "id": "00bf4381-1c90-4c1d-b903-45b1ab6af9ac",
        "answer_key": "B",
        "language": "English"
    },
    {
        "id": "19dfc8b2-869c-49d8-a705-559d5df86f40",
        "answer_key": "D",
        "language": "English"
    },
    {
        "id": "b1696ab9-7f61-40db-a45a-5d470f935155",
        "answer_key": "A",
        "language": "English"
    },
    {
        "id": "7eaa7e23-539e-4a6a-8868-03f94515030a",
        "answer_key": "A",
        "language": "English"
    },
    {
        "id": "67b34430-ed7b-4821-be39-9220d0314c7c",
        "answer_key": "B",
        "language": "English"
    },
    {
        "id": "eb1459fa-4728-485e-8fad-9b61070b6361",
        "answer_key": "D",
        "language": "English"
    },
    {
        "id": "e2e7a180-e87d-4b03-ac7c-b7c62eb07ebb",
        "answer_key": "B",
        "language": "English"
    },
    {
        "id": "48dbe2aa-c870-42cb-b243-8d857c94cd7b",
        "answer_key": "D",
        "language": "English"
    },
    {
        "id": "246cc2eb-a7fa-488b-b7b4-cfb2ec1990fb",
        "answer_key": "D",
        "language": "English"
    },
    {
        "id": "91442ab7-5021-418d-a592-ae1d235c3089",
        "answer_key": "A",
        "language": "English"
    },
    {
        "id": "d1a2067f-5237-491b-957e-db71674eb949",
        "answer_key": "C",
        "language": "English"
    },
    {
        "id": "34b65c83-1c50-443e-b85f-80619e4ba031",
        "answer_key": "A",
        "language": "English"
    },
    {
        "id": "6f593144-853e-4773-aed8-331fcb1dd715",
        "answer_key": "A",
        "language": "English"
    },
    {
        "id": "137f4179-ac9e-4b00-a9a7-0aeced7be6eb",
        "answer_key": "B",
        "language": "English"
    },
    {
        "id": "a101ff6c-e541-4130-a983-7e62574efd73",
        "answer_key": "B",
        "language": "English"
    },
    {
        "id": "77dbe740-f979-4004-926b-3e76f15de40b",
        "answer_key": "D",
        "language": "English"
    },
    {
        "id": "a8053807-0fc9-4ac1-abae-a0f8eb13c088",
        "answer_key": "C",
        "language": "English"
    },
    {
        "id": "1cbca507-13fd-4ed8-a589-90e2734e38a9",
        "answer_key": "D",
        "language": "English"
    },
    {
        "id": "4fec130e-3972-495b-92cb-5c3f066ec790",
        "answer_key": "A",
        "language": "English"
    },
    {
        "id": "51d2fb4c-c46a-4b29-93b1-a8f347f750b3",
        "answer_key": "D",
        "language": "English"
    },
    {
        "id": "7528d8c5-09c5-4c6f-9612-b39c08f19122",
        "answer_key": "A",
        "language": "English"
    },
    {
        "id": "97d69b38-4390-4105-a7f5-d7bc07382bab",
        "answer_key": "B",
        "language": "English"
    },
    {
        "id": "8fc27a35-b4d1-4771-8489-e91dd7d381a4",
        "answer_key": "B",
        "language": "English"
    },
    {
        "id": "1847c5a6-a089-4e4f-a08b-1a22f29e7658",
        "answer_key": "D",
        "language": "English"
    },
    {
        "id": "29b3baf9-f9b9-413a-8dfa-3d2bde9845ee",
        "answer_key": "B",
        "language": "English"
    },
    {
        "id": "f3094fec-d395-4e5e-8ec6-e8beb3c0f8b3",
        "answer_key": "C",
        "language": "English"
    },
    {
        "id": "18db29b7-0879-4828-92b9-1ffc068ed129",
        "answer_key": "D",
        "language": "English"
    },
    {
        "id": "16c0362b-0307-4822-aa6a-fe091c98e186",
        "answer_key": "D",
        "language": "English"
    },
    {
        "id": "25ca961f-fd6e-4633-88ef-b77104e6a5f8",
        "answer_key": "A",
        "language": "English"
    },
    {
        "id": "1a82cf12-4edd-49fc-8c8b-cfac05a477e7",
        "answer_key": "A",
        "language": "English"
    },
    {
        "id": "9623dcbb-69d2-48ea-9780-74213ea844b5",
        "answer_key": "A",
        "language": "English"
    },
    {
        "id": "cf0067f3-b921-4bd4-bf6b-b97f48131c73",
        "answer_key": "C",
        "language": "English"
    },
    {
        "id": "99f53ec1-f246-4f81-a5a7-0891f1bdfa74",
        "answer_key": "B",
        "language": "English"
    },
    {
        "id": "0aa55469-c21c-4dfb-838a-17e12a87ab78",
        "answer_key": "C",
        "language": "English"
    },
    {
        "id": "d98bb877-4255-4224-bc6c-f522cea23912",
        "answer_key": "A",
        "language": "English"
    },
    {
        "id": "04e0cf30-74a1-40da-8be3-341eca8d6854",
        "answer_key": "B",
        "language": "English"
    },
    {
        "id": "6def63d0-e387-4fab-ab87-ff8af6cf0bd9",
        "answer_key": "A",
        "language": "English"
    },
    {
        "id": "207eae10-439b-4b34-8325-e4a082a0cb80",
        "answer_key": "C",
        "language": "English"
    },
    {
        "id": "155a2931-432f-42c2-bc88-4194611a42a8",
        "answer_key": "A",
        "language": "English"
    },
    {
        "id": "550461fb-a1df-4188-9b9f-44cb9615eb6f",
        "answer_key": "B",
        "language": "English"
    },
    {
        "id": "79414a14-06f6-4dfe-9966-71e198d90bdc",
        "answer_key": "D",
        "language": "English"
    },
    {
        "id": "c670861b-f275-4184-b38a-0d45629d79aa",
        "answer_key": "D",
        "language": "English"
    },
    {
        "id": "7ea7ff38-87af-4a84-9798-341b0b6d5ee8",
        "answer_key": "C",
        "language": "English"
    },
    {
        "id": "1264c2c8-3fe0-4bc1-a97c-86995779b671",
        "answer_key": "A",
        "language": "English"
    },
    {
        "id": "1acfcc95-fe38-46ff-94dd-2f35e2c19983",
        "answer_key": "A",
        "language": "English"
    },
    {
        "id": "d878d3aa-edea-4cea-bfda-030ec12dad80",
        "answer_key": "D",
        "language": "English"
    },
    {
        "id": "8fbda512-ce55-4259-9277-392ddb72aa41",
        "answer_key": "B",
        "language": "English"
    },
    {
        "id": "db269b15-738b-401b-8d2f-7992e7cb2229",
        "answer_key": "C",
        "language": "English"
    },
    {
        "id": "f9e822e7-720c-4309-aa35-b8389cafe02a",
        "answer_key": "B",
        "language": "English"
    },
    {
        "id": "b02895f9-7c33-4d4f-bef4-180003bd874b",
        "answer_key": "B",
        "language": "English"
    },
    {
        "id": "104beb46-07ec-43d2-a485-8679a320568f",
        "answer_key": "A",
        "language": "English"
    },
    {
        "id": "d0d70e2c-af84-4481-99b5-ce75eb7442ab",
        "answer_key": "B",
        "language": "English"
    },
    {
        "id": "a1fc02d9-0e4e-4669-a19d-8627291654d2",
        "answer_key": "C",
        "language": "English"
    },
    {
        "id": "b0d493fc-c133-4a7b-a191-d3fafbd8f1e3",
        "answer_key": "C",
        "language": "English"
    },
    {
        "id": "6660af02-2a82-4783-98f3-05292ae9371b",
        "answer_key": "D",
        "language": "English"
    },
    {
        "id": "130ce5d4-5033-471e-86c4-c636ef7d76c0",
        "answer_key": "A",
        "language": "English"
    },
    {
        "id": "ba82e1cc-7a69-43b1-a8b3-50004f30284c",
        "answer_key": "A",
        "language": "English"
    },
    {
        "id": "4ad05b69-650b-4c96-a2c6-da1a942d44ee",
        "answer_key": "A",
        "language": "English"
    },
    {
        "id": "e2955ec1-21c0-4507-a98c-06872406646e",
        "answer_key": "D",
        "language": "English"
    },
    {
        "id": "f4305e66-6c12-4990-9996-1fac56b221b1",
        "answer_key": "A",
        "language": "English"
    },
    {
        "id": "943565d0-f110-474a-a4df-94996259603a",
        "answer_key": "B",
        "language": "English"
    },
    {
        "id": "63a53bd3-707f-4ba5-a6ec-a18d76bfe844",
        "answer_key": "B",
        "language": "English"
    },
    {
        "id": "812065f5-2f6a-42a9-85c8-2307eb5ceee7",
        "answer_key": "D",
        "language": "English"
    },
    {
        "id": "b49a85be-81e8-438d-9ec8-e59c634793e4",
        "answer_key": "A",
        "language": "English"
    },
    {
        "id": "1b1abc85-607e-455c-8a40-e43744a8cc4f",
        "answer_key": "C",
        "language": "English"
    },
    {
        "id": "0dda8c4b-c012-4159-abff-c3e77f8d56bf",
        "answer_key": "C",
        "language": "English"
    },
    {
        "id": "373a759f-f43c-4b3d-9efb-d7c4f20afedc",
        "answer_key": "C",
        "language": "English"
    },
    {
        "id": "b17d7109-de19-42e6-97f3-a671243024c8",
        "answer_key": "D",
        "language": "English"
    },
    {
        "id": "ba2c5a01-8f75-4943-8bb4-05a023636e98",
        "answer_key": "C",
        "language": "English"
    },
    {
        "id": "3b473caf-beb2-48ae-970e-a4f3f5d85717",
        "answer_key": "B",
        "language": "English"
    },
    {
        "id": "781218e3-9d4f-46e3-a928-de5d0b219465",
        "answer_key": "B",
        "language": "English"
    },
    {
        "id": "283747e2-1d6c-4e2c-a0bc-12d887ca9d02",
        "answer_key": "D",
        "language": "English"
    },
    {
        "id": "995745ca-4044-45b3-a608-74c01a2dfee4",
        "answer_key": "D",
        "language": "English"
    },
    {
        "id": "3dc35869-5af1-467d-9b89-8474dad2cd0e",
        "answer_key": "B",
        "language": "English"
    },
    {
        "id": "e9672d6d-231e-4b56-9cf8-f9701cf4f1c2",
        "answer_key": "C",
        "language": "English"
    },
    {
        "id": "0aea1754-d636-4abc-9b38-b3454288c926",
        "answer_key": "C",
        "language": "English"
    },
    {
        "id": "b5cc5d6b-80d4-4274-ae4b-3e040e76ab8e",
        "answer_key": "A",
        "language": "English"
    },
    {
        "id": "6bbd593d-a045-4d45-a3f4-e6d2b6b008dc",
        "answer_key": "B",
        "language": "English"
    },
    {
        "id": "5aea510a-f6cb-4f29-94b2-7dec3482b614",
        "answer_key": "A",
        "language": "English"
    },
    {
        "id": "60adaad8-4ca9-4824-8092-6b860be00cb0",
        "answer_key": "C",
        "language": "English"
    },
    {
        "id": "7f70359b-26eb-43a1-afc1-6ae077c5aafe",
        "answer_key": "C",
        "language": "English"
    },
    {
        "id": "bfa66eef-944e-42c3-9f01-488ef09a8115",
        "answer_key": "D",
        "language": "English"
    },
    {
        "id": "3bc13266-b4c4-4de3-98c8-fdf75e478a17",
        "answer_key": "B",
        "language": "English"
    },
    {
        "id": "0b326071-1b59-4dcc-a461-d6a97e865534",
        "answer_key": "A",
        "language": "English"
    },
    {
        "id": "09d55a39-48a8-46bc-a1d2-c6886f4a9ac2",
        "answer_key": "A",
        "language": "English"
    },
    {
        "id": "207e56aa-245c-40a2-9626-b6a3adee5a22",
        "answer_key": "D",
        "language": "English"
    },
    {
        "id": "8838957d-81d2-4861-ac36-b2020064c20f",
        "answer_key": "C",
        "language": "English"
    },
    {
        "id": "75696be4-fc52-4fdf-ae5d-d2519e9846fc",
        "answer_key": "C",
        "language": "English"
    },
    {
        "id": "5dc52c77-ffc3-487d-a2c3-c6d57d4b3ef8",
        "answer_key": "D",
        "language": "English"
    },
    {
        "id": "4c1ec247-dc69-464e-8f7b-0e4c14cf8245",
        "answer_key": "B",
        "language": "English"
    },
    {
        "id": "18876b7d-b4e2-48b6-9376-5d53f797d2ae",
        "answer_key": "C",
        "language": "English"
    },
    {
        "id": "d5cc4af0-7602-4ba9-8391-ed158f1bf989",
        "answer_key": "D",
        "language": "English"
    },
    {
        "id": "17fe7436-744c-4922-b74c-fac36e99b1d4",
        "answer_key": "A",
        "language": "English"
    },
    {
        "id": "56e96ea8-272b-44dc-aa5a-a3484fb8117a",
        "answer_key": "C",
        "language": "English"
    },
    {
        "id": "b1736bdc-2dc9-4928-814e-58885084bc02",
        "answer_key": "C",
        "language": "English"
    },
    {
        "id": "aeb8dfb0-cd5d-409a-984b-d1045c1bde2c",
        "answer_key": "A",
        "language": "English"
    },
    {
        "id": "30b268ab-59bc-4dc4-aee0-c9de0d4f53c8",
        "answer_key": "C",
        "language": "English"
    },
    {
        "id": "4de3caa6-557f-4d94-bef4-d84c6c916c9a",
        "answer_key": "D",
        "language": "English"
    },
    {
        "id": "b317a9f8-ac57-4aab-91a5-c1555277423b",
        "answer_key": "C",
        "language": "English"
    },
    {
        "id": "5ccf6b56-513e-4460-9876-8592cd522511",
        "answer_key": "A",
        "language": "English"
    },
    {
        "id": "32b42959-a150-41b4-9ad5-6cf28507a1dc",
        "answer_key": "C",
        "language": "English"
    },
    {
        "id": "28459e73-a979-425f-b67a-a5799dc829c0",
        "answer_key": "C",
        "language": "English"
    },
    {
        "id": "db99e1bd-3501-4e1a-8ffa-819c1836209d",
        "answer_key": "C",
        "language": "English"
    },
    {
        "id": "e729ea73-edc4-4942-b819-35ba2a7633d2",
        "answer_key": "B",
        "language": "English"
    },
    {
        "id": "373add4d-6fe3-46a6-b4d6-77b16c2665ba",
        "answer_key": "B",
        "language": "English"
    },
    {
        "id": "61684a84-aef7-44e2-b56c-e36a768a0685",
        "answer_key": "C",
        "language": "English"
    },
    {
        "id": "3ec5f05c-d14d-49b6-84d9-860eb805a651",
        "answer_key": "A",
        "language": "English"
    },
    {
        "id": "29ed343a-a779-4e49-8ead-77bcdd54f1ce",
        "answer_key": "C",
        "language": "English"
    },
    {
        "id": "6fdbe9fb-3318-4462-a832-6e3e34e30be4",
        "answer_key": "C",
        "language": "English"
    }
]